scenario,start_goal,algorithm,run,time_ms,visited,path_steps,path_cost
Short distance,"(1, 8)->(3, 3)",Dijkstra,1,0.040900,14,8,16
Short distance,"(1, 8)->(3, 3)",Dijkstra,2,0.038700,14,8,16
Short distance,"(1, 8)->(3, 3)",Dijkstra,3,0.036800,14,8,16
Short distance,"(1, 8)->(3, 3)",Dijkstra,4,0.035200,14,8,16
Short distance,"(1, 8)->(3, 3)",Dijkstra,5,0.033900,14,8,16
Short distance,"(1, 8)->(3, 3)",Dijkstra,6,0.034200,14,8,16
Short distance,"(1, 8)->(3, 3)",Dijkstra,7,0.033500,14,8,16
Short distance,"(1, 8)->(3, 3)",Dijkstra,8,0.034400,14,8,16
Short distance,"(1, 8)->(3, 3)",Dijkstra,9,0.035600,14,8,16
Short distance,"(1, 8)->(3, 3)",Dijkstra,10,0.034600,14,8,16
Short distance,"(1, 8)->(3, 3)",Dijkstra,11,0.034100,14,8,16
Short distance,"(1, 8)->(3, 3)",Dijkstra,12,0.037100,14,8,16
Short distance,"(1, 8)->(3, 3)",Dijkstra,13,0.034600,14,8,16
Short distance,"(1, 8)->(3, 3)",Dijkstra,14,0.033300,14,8,16
Short distance,"(1, 8)->(3, 3)",Dijkstra,15,0.033300,14,8,16
Short distance,"(1, 8)->(3, 3)",Dijkstra,16,0.033100,14,8,16
Short distance,"(1, 8)->(3, 3)",Dijkstra,17,0.033100,14,8,16
Short distance,"(1, 8)->(3, 3)",Dijkstra,18,0.036100,14,8,16
Short distance,"(1, 8)->(3, 3)",Dijkstra,19,0.034400,14,8,16
Short distance,"(1, 8)->(3, 3)",Dijkstra,20,0.033500,14,8,16
Short distance,"(1, 8)->(3, 3)",Dijkstra,21,0.030100,14,8,16
Short distance,"(1, 8)->(3, 3)",Dijkstra,22,0.026700,14,8,16
Short distance,"(1, 8)->(3, 3)",Dijkstra,23,0.026200,14,8,16
Short distance,"(1, 8)->(3, 3)",Dijkstra,24,0.026500,14,8,16
Short distance,"(1, 8)->(3, 3)",Dijkstra,25,0.026700,14,8,16
Short distance,"(1, 8)->(3, 3)",Dijkstra,26,0.026500,14,8,16
Short distance,"(1, 8)->(3, 3)",Dijkstra,27,0.026600,14,8,16
Short distance,"(1, 8)->(3, 3)",Dijkstra,28,0.026400,14,8,16
Short distance,"(1, 8)->(3, 3)",Dijkstra,29,0.026200,14,8,16
Short distance,"(1, 8)->(3, 3)",Dijkstra,30,0.026400,14,8,16
Short distance,"(1, 8)->(3, 3)",A*,1,0.033200,9,8,16
Short distance,"(1, 8)->(3, 3)",A*,2,0.029000,9,8,16
Short distance,"(1, 8)->(3, 3)",A*,3,0.029000,9,8,16
Short distance,"(1, 8)->(3, 3)",A*,4,0.027100,9,8,16
Short distance,"(1, 8)->(3, 3)",A*,5,0.025600,9,8,16
Short distance,"(1, 8)->(3, 3)",A*,6,0.025300,9,8,16
Short distance,"(1, 8)->(3, 3)",A*,7,0.027500,9,8,16
Short distance,"(1, 8)->(3, 3)",A*,8,0.025300,9,8,16
Short distance,"(1, 8)->(3, 3)",A*,9,0.024900,9,8,16
Short distance,"(1, 8)->(3, 3)",A*,10,0.041400,9,8,16
Short distance,"(1, 8)->(3, 3)",A*,11,0.053000,9,8,16
Short distance,"(1, 8)->(3, 3)",A*,12,0.041500,9,8,16
Short distance,"(1, 8)->(3, 3)",A*,13,0.039800,9,8,16
Short distance,"(1, 8)->(3, 3)",A*,14,0.030300,9,8,16
Short distance,"(1, 8)->(3, 3)",A*,15,0.028200,9,8,16
Short distance,"(1, 8)->(3, 3)",A*,16,0.026200,9,8,16
Short distance,"(1, 8)->(3, 3)",A*,17,0.025300,9,8,16
Short distance,"(1, 8)->(3, 3)",A*,18,0.025500,9,8,16
Short distance,"(1, 8)->(3, 3)",A*,19,0.024900,9,8,16
Short distance,"(1, 8)->(3, 3)",A*,20,0.024100,9,8,16
Short distance,"(1, 8)->(3, 3)",A*,21,0.023700,9,8,16
Short distance,"(1, 8)->(3, 3)",A*,22,0.025100,9,8,16
Short distance,"(1, 8)->(3, 3)",A*,23,0.025200,9,8,16
Short distance,"(1, 8)->(3, 3)",A*,24,0.025100,9,8,16
Short distance,"(1, 8)->(3, 3)",A*,25,0.024400,9,8,16
Short distance,"(1, 8)->(3, 3)",A*,26,0.024600,9,8,16
Short distance,"(1, 8)->(3, 3)",A*,27,0.024200,9,8,16
Short distance,"(1, 8)->(3, 3)",A*,28,0.024200,9,8,16
Short distance,"(1, 8)->(3, 3)",A*,29,0.023700,9,8,16
Short distance,"(1, 8)->(3, 3)",A*,30,0.023800,9,8,16
Short distance,"(1, 8)->(3, 3)",Bellman-Ford,1,0.247400,59,8,16
Short distance,"(1, 8)->(3, 3)",Bellman-Ford,2,0.244300,59,8,16
Short distance,"(1, 8)->(3, 3)",Bellman-Ford,3,0.238300,59,8,16
Short distance,"(1, 8)->(3, 3)",Bellman-Ford,4,0.238700,59,8,16
Short distance,"(1, 8)->(3, 3)",Bellman-Ford,5,0.237500,59,8,16
Short distance,"(1, 8)->(3, 3)",Bellman-Ford,6,0.242500,59,8,16
Short distance,"(1, 8)->(3, 3)",Bellman-Ford,7,0.233700,59,8,16
Short distance,"(1, 8)->(3, 3)",Bellman-Ford,8,0.233900,59,8,16
Short distance,"(1, 8)->(3, 3)",Bellman-Ford,9,0.232100,59,8,16
Short distance,"(1, 8)->(3, 3)",Bellman-Ford,10,0.232600,59,8,16
Short distance,"(1, 8)->(3, 3)",Bellman-Ford,11,0.240700,59,8,16
Short distance,"(1, 8)->(3, 3)",Bellman-Ford,12,0.236300,59,8,16
Short distance,"(1, 8)->(3, 3)",Bellman-Ford,13,0.233500,59,8,16
Short distance,"(1, 8)->(3, 3)",Bellman-Ford,14,0.235400,59,8,16
Short distance,"(1, 8)->(3, 3)",Bellman-Ford,15,0.239400,59,8,16
Short distance,"(1, 8)->(3, 3)",Bellman-Ford,16,0.236200,59,8,16
Short distance,"(1, 8)->(3, 3)",Bellman-Ford,17,0.236900,59,8,16
Short distance,"(1, 8)->(3, 3)",Bellman-Ford,18,0.235600,59,8,16
Short distance,"(1, 8)->(3, 3)",Bellman-Ford,19,0.261000,59,8,16
Short distance,"(1, 8)->(3, 3)",Bellman-Ford,20,0.237300,59,8,16
Short distance,"(1, 8)->(3, 3)",Bellman-Ford,21,0.233500,59,8,16
Short distance,"(1, 8)->(3, 3)",Bellman-Ford,22,0.232500,59,8,16
Short distance,"(1, 8)->(3, 3)",Bellman-Ford,23,0.236100,59,8,16
Short distance,"(1, 8)->(3, 3)",Bellman-Ford,24,0.231100,59,8,16
Short distance,"(1, 8)->(3, 3)",Bellman-Ford,25,0.231000,59,8,16
Short distance,"(1, 8)->(3, 3)",Bellman-Ford,26,0.230400,59,8,16
Short distance,"(1, 8)->(3, 3)",Bellman-Ford,27,0.230700,59,8,16
Short distance,"(1, 8)->(3, 3)",Bellman-Ford,28,0.229300,59,8,16
Short distance,"(1, 8)->(3, 3)",Bellman-Ford,29,0.230500,59,8,16
Short distance,"(1, 8)->(3, 3)",Bellman-Ford,30,0.232200,59,8,16
Medium distance,"(1, 8)->(10, 2)",Dijkstra,1,0.081300,37,14,30
Medium distance,"(1, 8)->(10, 2)",Dijkstra,2,0.077700,37,14,30
Medium distance,"(1, 8)->(10, 2)",Dijkstra,3,0.078800,37,14,30
Medium distance,"(1, 8)->(10, 2)",Dijkstra,4,0.078100,37,14,30
Medium distance,"(1, 8)->(10, 2)",Dijkstra,5,0.075800,37,14,30
Medium distance,"(1, 8)->(10, 2)",Dijkstra,6,0.074100,37,14,30
Medium distance,"(1, 8)->(10, 2)",Dijkstra,7,0.073600,37,14,30
Medium distance,"(1, 8)->(10, 2)",Dijkstra,8,0.073600,37,14,30
Medium distance,"(1, 8)->(10, 2)",Dijkstra,9,0.073900,37,14,30
Medium distance,"(1, 8)->(10, 2)",Dijkstra,10,0.073900,37,14,30
Medium distance,"(1, 8)->(10, 2)",Dijkstra,11,0.072600,37,14,30
Medium distance,"(1, 8)->(10, 2)",Dijkstra,12,0.072900,37,14,30
Medium distance,"(1, 8)->(10, 2)",Dijkstra,13,0.072600,37,14,30
Medium distance,"(1, 8)->(10, 2)",Dijkstra,14,0.072100,37,14,30
Medium distance,"(1, 8)->(10, 2)",Dijkstra,15,0.072400,37,14,30
Medium distance,"(1, 8)->(10, 2)",Dijkstra,16,0.072000,37,14,30
Medium distance,"(1, 8)->(10, 2)",Dijkstra,17,0.072300,37,14,30
Medium distance,"(1, 8)->(10, 2)",Dijkstra,18,0.071800,37,14,30
Medium distance,"(1, 8)->(10, 2)",Dijkstra,19,0.072500,37,14,30
Medium distance,"(1, 8)->(10, 2)",Dijkstra,20,0.072300,37,14,30
Medium distance,"(1, 8)->(10, 2)",Dijkstra,21,0.072900,37,14,30
Medium distance,"(1, 8)->(10, 2)",Dijkstra,22,0.081600,37,14,30
Medium distance,"(1, 8)->(10, 2)",Dijkstra,23,0.073500,37,14,30
Medium distance,"(1, 8)->(10, 2)",Dijkstra,24,0.072600,37,14,30
Medium distance,"(1, 8)->(10, 2)",Dijkstra,25,0.072200,37,14,30
Medium distance,"(1, 8)->(10, 2)",Dijkstra,26,0.072300,37,14,30
Medium distance,"(1, 8)->(10, 2)",Dijkstra,27,0.072200,37,14,30
Medium distance,"(1, 8)->(10, 2)",Dijkstra,28,0.072600,37,14,30
Medium distance,"(1, 8)->(10, 2)",Dijkstra,29,0.071900,37,14,30
Medium distance,"(1, 8)->(10, 2)",Dijkstra,30,0.077100,37,14,30
Medium distance,"(1, 8)->(10, 2)",A*,1,0.055100,19,14,30
Medium distance,"(1, 8)->(10, 2)",A*,2,0.052500,19,14,30
Medium distance,"(1, 8)->(10, 2)",A*,3,0.050200,19,14,30
Medium distance,"(1, 8)->(10, 2)",A*,4,0.050300,19,14,30
Medium distance,"(1, 8)->(10, 2)",A*,5,0.050100,19,14,30
Medium distance,"(1, 8)->(10, 2)",A*,6,0.049300,19,14,30
Medium distance,"(1, 8)->(10, 2)",A*,7,0.049700,19,14,30
Medium distance,"(1, 8)->(10, 2)",A*,8,0.050100,19,14,30
Medium distance,"(1, 8)->(10, 2)",A*,9,0.049700,19,14,30
Medium distance,"(1, 8)->(10, 2)",A*,10,0.049100,19,14,30
Medium distance,"(1, 8)->(10, 2)",A*,11,0.049000,19,14,30
Medium distance,"(1, 8)->(10, 2)",A*,12,0.049600,19,14,30
Medium distance,"(1, 8)->(10, 2)",A*,13,0.049000,19,14,30
Medium distance,"(1, 8)->(10, 2)",A*,14,0.048600,19,14,30
Medium distance,"(1, 8)->(10, 2)",A*,15,0.048700,19,14,30
Medium distance,"(1, 8)->(10, 2)",A*,16,0.048900,19,14,30
Medium distance,"(1, 8)->(10, 2)",A*,17,0.048900,19,14,30
Medium distance,"(1, 8)->(10, 2)",A*,18,0.048700,19,14,30
Medium distance,"(1, 8)->(10, 2)",A*,19,0.048600,19,14,30
Medium distance,"(1, 8)->(10, 2)",A*,20,0.048900,19,14,30
Medium distance,"(1, 8)->(10, 2)",A*,21,0.049100,19,14,30
Medium distance,"(1, 8)->(10, 2)",A*,22,0.049000,19,14,30
Medium distance,"(1, 8)->(10, 2)",A*,23,0.048500,19,14,30
Medium distance,"(1, 8)->(10, 2)",A*,24,0.049300,19,14,30
Medium distance,"(1, 8)->(10, 2)",A*,25,0.049500,19,14,30
Medium distance,"(1, 8)->(10, 2)",A*,26,0.049300,19,14,30
Medium distance,"(1, 8)->(10, 2)",A*,27,0.048700,19,14,30
Medium distance,"(1, 8)->(10, 2)",A*,28,0.049400,19,14,30
Medium distance,"(1, 8)->(10, 2)",A*,29,0.048600,19,14,30
Medium distance,"(1, 8)->(10, 2)",A*,30,0.048800,19,14,30
Medium distance,"(1, 8)->(10, 2)",Bellman-Ford,1,0.286300,59,14,30
Medium distance,"(1, 8)->(10, 2)",Bellman-Ford,2,0.464800,59,14,30
Medium distance,"(1, 8)->(10, 2)",Bellman-Ford,3,0.433500,59,14,30
Medium distance,"(1, 8)->(10, 2)",Bellman-Ford,4,0.365100,59,14,30
Medium distance,"(1, 8)->(10, 2)",Bellman-Ford,5,0.257000,59,14,30
Medium distance,"(1, 8)->(10, 2)",Bellman-Ford,6,0.238500,59,14,30
Medium distance,"(1, 8)->(10, 2)",Bellman-Ford,7,0.247700,59,14,30
Medium distance,"(1, 8)->(10, 2)",Bellman-Ford,8,0.236700,59,14,30
Medium distance,"(1, 8)->(10, 2)",Bellman-Ford,9,0.238100,59,14,30
Medium distance,"(1, 8)->(10, 2)",Bellman-Ford,10,0.236600,59,14,30
Medium distance,"(1, 8)->(10, 2)",Bellman-Ford,11,0.233700,59,14,30
Medium distance,"(1, 8)->(10, 2)",Bellman-Ford,12,0.233100,59,14,30
Medium distance,"(1, 8)->(10, 2)",Bellman-Ford,13,0.232600,59,14,30
Medium distance,"(1, 8)->(10, 2)",Bellman-Ford,14,0.237500,59,14,30
Medium distance,"(1, 8)->(10, 2)",Bellman-Ford,15,0.232100,59,14,30
Medium distance,"(1, 8)->(10, 2)",Bellman-Ford,16,0.231300,59,14,30
Medium distance,"(1, 8)->(10, 2)",Bellman-Ford,17,0.231300,59,14,30
Medium distance,"(1, 8)->(10, 2)",Bellman-Ford,18,0.230800,59,14,30
Medium distance,"(1, 8)->(10, 2)",Bellman-Ford,19,0.237500,59,14,30
Medium distance,"(1, 8)->(10, 2)",Bellman-Ford,20,0.251300,59,14,30
Medium distance,"(1, 8)->(10, 2)",Bellman-Ford,21,0.232800,59,14,30
Medium distance,"(1, 8)->(10, 2)",Bellman-Ford,22,0.232400,59,14,30
Medium distance,"(1, 8)->(10, 2)",Bellman-Ford,23,0.230400,59,14,30
Medium distance,"(1, 8)->(10, 2)",Bellman-Ford,24,0.276200,59,14,30
Medium distance,"(1, 8)->(10, 2)",Bellman-Ford,25,0.231600,59,14,30
Medium distance,"(1, 8)->(10, 2)",Bellman-Ford,26,0.237000,59,14,30
Medium distance,"(1, 8)->(10, 2)",Bellman-Ford,27,0.231200,59,14,30
Medium distance,"(1, 8)->(10, 2)",Bellman-Ford,28,0.232500,59,14,30
Medium distance,"(1, 8)->(10, 2)",Bellman-Ford,29,0.231500,59,14,30
Medium distance,"(1, 8)->(10, 2)",Bellman-Ford,30,0.230800,59,14,30
Long distance,"(1, 8)->(13, 4)",Dijkstra,1,0.148100,56,17,38
Long distance,"(1, 8)->(13, 4)",Dijkstra,2,0.121100,56,17,38
Long distance,"(1, 8)->(13, 4)",Dijkstra,3,0.117900,56,17,38
Long distance,"(1, 8)->(13, 4)",Dijkstra,4,0.116100,56,17,38
Long distance,"(1, 8)->(13, 4)",Dijkstra,5,0.117800,56,17,38
Long distance,"(1, 8)->(13, 4)",Dijkstra,6,0.118100,56,17,38
Long distance,"(1, 8)->(13, 4)",Dijkstra,7,0.116100,56,17,38
Long distance,"(1, 8)->(13, 4)",Dijkstra,8,0.115000,56,17,38
Long distance,"(1, 8)->(13, 4)",Dijkstra,9,0.115700,56,17,38
Long distance,"(1, 8)->(13, 4)",Dijkstra,10,0.116300,56,17,38
Long distance,"(1, 8)->(13, 4)",Dijkstra,11,0.114700,56,17,38
Long distance,"(1, 8)->(13, 4)",Dijkstra,12,0.114300,56,17,38
Long distance,"(1, 8)->(13, 4)",Dijkstra,13,0.114400,56,17,38
Long distance,"(1, 8)->(13, 4)",Dijkstra,14,0.129900,56,17,38
Long distance,"(1, 8)->(13, 4)",Dijkstra,15,0.115400,56,17,38
Long distance,"(1, 8)->(13, 4)",Dijkstra,16,0.114900,56,17,38
Long distance,"(1, 8)->(13, 4)",Dijkstra,17,0.114000,56,17,38
Long distance,"(1, 8)->(13, 4)",Dijkstra,18,0.115100,56,17,38
Long distance,"(1, 8)->(13, 4)",Dijkstra,19,0.114900,56,17,38
Long distance,"(1, 8)->(13, 4)",Dijkstra,20,0.137800,56,17,38
Long distance,"(1, 8)->(13, 4)",Dijkstra,21,0.126700,56,17,38
Long distance,"(1, 8)->(13, 4)",Dijkstra,22,0.122800,56,17,38
Long distance,"(1, 8)->(13, 4)",Dijkstra,23,0.117900,56,17,38
Long distance,"(1, 8)->(13, 4)",Dijkstra,24,0.117000,56,17,38
Long distance,"(1, 8)->(13, 4)",Dijkstra,25,0.119900,56,17,38
Long distance,"(1, 8)->(13, 4)",Dijkstra,26,0.116500,56,17,38
Long distance,"(1, 8)->(13, 4)",Dijkstra,27,0.115400,56,17,38
Long distance,"(1, 8)->(13, 4)",Dijkstra,28,0.115700,56,17,38
Long distance,"(1, 8)->(13, 4)",Dijkstra,29,0.114000,56,17,38
Long distance,"(1, 8)->(13, 4)",Dijkstra,30,0.154400,56,17,38
Long distance,"(1, 8)->(13, 4)",A*,1,0.086100,28,17,38
Long distance,"(1, 8)->(13, 4)",A*,2,0.080200,28,17,38
Long distance,"(1, 8)->(13, 4)",A*,3,0.079200,28,17,38
Long distance,"(1, 8)->(13, 4)",A*,4,0.085800,28,17,38
Long distance,"(1, 8)->(13, 4)",A*,5,0.081100,28,17,38
Long distance,"(1, 8)->(13, 4)",A*,6,0.082200,28,17,38
Long distance,"(1, 8)->(13, 4)",A*,7,0.078800,28,17,38
Long distance,"(1, 8)->(13, 4)",A*,8,0.077500,28,17,38
Long distance,"(1, 8)->(13, 4)",A*,9,0.079300,28,17,38
Long distance,"(1, 8)->(13, 4)",A*,10,0.078200,28,17,38
Long distance,"(1, 8)->(13, 4)",A*,11,0.077800,28,17,38
Long distance,"(1, 8)->(13, 4)",A*,12,0.078600,28,17,38
Long distance,"(1, 8)->(13, 4)",A*,13,0.077500,28,17,38
Long distance,"(1, 8)->(13, 4)",A*,14,0.077600,28,17,38
Long distance,"(1, 8)->(13, 4)",A*,15,0.077900,28,17,38
Long distance,"(1, 8)->(13, 4)",A*,16,0.080700,28,17,38
Long distance,"(1, 8)->(13, 4)",A*,17,0.080300,28,17,38
Long distance,"(1, 8)->(13, 4)",A*,18,0.078300,28,17,38
Long distance,"(1, 8)->(13, 4)",A*,19,0.079900,28,17,38
Long distance,"(1, 8)->(13, 4)",A*,20,0.078300,28,17,38
Long distance,"(1, 8)->(13, 4)",A*,21,0.125700,28,17,38
Long distance,"(1, 8)->(13, 4)",A*,22,0.118700,28,17,38
Long distance,"(1, 8)->(13, 4)",A*,23,0.092300,28,17,38
Long distance,"(1, 8)->(13, 4)",A*,24,0.105500,28,17,38
Long distance,"(1, 8)->(13, 4)",A*,25,0.106200,28,17,38
Long distance,"(1, 8)->(13, 4)",A*,26,0.099500,28,17,38
Long distance,"(1, 8)->(13, 4)",A*,27,0.098800,28,17,38
Long distance,"(1, 8)->(13, 4)",A*,28,0.098800,28,17,38
Long distance,"(1, 8)->(13, 4)",A*,29,0.100000,28,17,38
Long distance,"(1, 8)->(13, 4)",A*,30,0.098500,28,17,38
Long distance,"(1, 8)->(13, 4)",Bellman-Ford,1,0.310400,59,17,38
Long distance,"(1, 8)->(13, 4)",Bellman-Ford,2,0.298900,59,17,38
Long distance,"(1, 8)->(13, 4)",Bellman-Ford,3,0.240000,59,17,38
Long distance,"(1, 8)->(13, 4)",Bellman-Ford,4,0.238000,59,17,38
Long distance,"(1, 8)->(13, 4)",Bellman-Ford,5,0.240400,59,17,38
Long distance,"(1, 8)->(13, 4)",Bellman-Ford,6,0.246900,59,17,38
Long distance,"(1, 8)->(13, 4)",Bellman-Ford,7,0.234400,59,17,38
Long distance,"(1, 8)->(13, 4)",Bellman-Ford,8,0.235000,59,17,38
Long distance,"(1, 8)->(13, 4)",Bellman-Ford,9,0.233600,59,17,38
Long distance,"(1, 8)->(13, 4)",Bellman-Ford,10,0.234200,59,17,38
Long distance,"(1, 8)->(13, 4)",Bellman-Ford,11,0.233800,59,17,38
Long distance,"(1, 8)->(13, 4)",Bellman-Ford,12,0.232200,59,17,38
Long distance,"(1, 8)->(13, 4)",Bellman-Ford,13,0.233600,59,17,38
Long distance,"(1, 8)->(13, 4)",Bellman-Ford,14,0.272100,59,17,38
Long distance,"(1, 8)->(13, 4)",Bellman-Ford,15,0.298100,59,17,38
Long distance,"(1, 8)->(13, 4)",Bellman-Ford,16,0.311900,59,17,38
Long distance,"(1, 8)->(13, 4)",Bellman-Ford,17,0.308900,59,17,38
Long distance,"(1, 8)->(13, 4)",Bellman-Ford,18,0.272700,59,17,38
Long distance,"(1, 8)->(13, 4)",Bellman-Ford,19,0.247100,59,17,38
Long distance,"(1, 8)->(13, 4)",Bellman-Ford,20,0.267000,59,17,38
Long distance,"(1, 8)->(13, 4)",Bellman-Ford,21,0.260400,59,17,38
Long distance,"(1, 8)->(13, 4)",Bellman-Ford,22,0.243500,59,17,38
Long distance,"(1, 8)->(13, 4)",Bellman-Ford,23,0.243500,59,17,38
Long distance,"(1, 8)->(13, 4)",Bellman-Ford,24,0.239600,59,17,38
Long distance,"(1, 8)->(13, 4)",Bellman-Ford,25,0.238700,59,17,38
Long distance,"(1, 8)->(13, 4)",Bellman-Ford,26,0.241000,59,17,38
Long distance,"(1, 8)->(13, 4)",Bellman-Ford,27,0.236600,59,17,38
Long distance,"(1, 8)->(13, 4)",Bellman-Ford,28,0.245400,59,17,38
Long distance,"(1, 8)->(13, 4)",Bellman-Ford,29,0.239800,59,17,38
Long distance,"(1, 8)->(13, 4)",Bellman-Ford,30,0.238200,59,17,38
Random 1,"(10, 9)->(3, 3)",Dijkstra,1,0.085500,35,13,25
Random 1,"(10, 9)->(3, 3)",Dijkstra,2,0.076600,35,13,25
Random 1,"(10, 9)->(3, 3)",Dijkstra,3,0.075600,35,13,25
Random 1,"(10, 9)->(3, 3)",Dijkstra,4,0.075400,35,13,25
Random 1,"(10, 9)->(3, 3)",Dijkstra,5,0.074500,35,13,25
Random 1,"(10, 9)->(3, 3)",Dijkstra,6,0.072000,35,13,25
Random 1,"(10, 9)->(3, 3)",Dijkstra,7,0.070800,35,13,25
Random 1,"(10, 9)->(3, 3)",Dijkstra,8,0.071400,35,13,25
Random 1,"(10, 9)->(3, 3)",Dijkstra,9,0.071500,35,13,25
Random 1,"(10, 9)->(3, 3)",Dijkstra,10,0.071200,35,13,25
Random 1,"(10, 9)->(3, 3)",Dijkstra,11,0.070600,35,13,25
Random 1,"(10, 9)->(3, 3)",Dijkstra,12,0.070700,35,13,25
Random 1,"(10, 9)->(3, 3)",Dijkstra,13,0.070600,35,13,25
Random 1,"(10, 9)->(3, 3)",Dijkstra,14,0.070900,35,13,25
Random 1,"(10, 9)->(3, 3)",Dijkstra,15,0.073600,35,13,25
Random 1,"(10, 9)->(3, 3)",Dijkstra,16,0.070500,35,13,25
Random 1,"(10, 9)->(3, 3)",Dijkstra,17,0.070200,35,13,25
Random 1,"(10, 9)->(3, 3)",Dijkstra,18,0.071000,35,13,25
Random 1,"(10, 9)->(3, 3)",Dijkstra,19,0.070700,35,13,25
Random 1,"(10, 9)->(3, 3)",Dijkstra,20,0.070700,35,13,25
Random 1,"(10, 9)->(3, 3)",Dijkstra,21,0.071300,35,13,25
Random 1,"(10, 9)->(3, 3)",Dijkstra,22,0.071100,35,13,25
Random 1,"(10, 9)->(3, 3)",Dijkstra,23,0.070100,35,13,25
Random 1,"(10, 9)->(3, 3)",Dijkstra,24,0.074500,35,13,25
Random 1,"(10, 9)->(3, 3)",Dijkstra,25,0.071400,35,13,25
Random 1,"(10, 9)->(3, 3)",Dijkstra,26,0.070300,35,13,25
Random 1,"(10, 9)->(3, 3)",Dijkstra,27,0.070000,35,13,25
Random 1,"(10, 9)->(3, 3)",Dijkstra,28,0.070300,35,13,25
Random 1,"(10, 9)->(3, 3)",Dijkstra,29,0.078100,35,13,25
Random 1,"(10, 9)->(3, 3)",Dijkstra,30,0.070100,35,13,25
Random 1,"(10, 9)->(3, 3)",A*,1,0.047300,15,13,25
Random 1,"(10, 9)->(3, 3)",A*,2,0.044000,15,13,25
Random 1,"(10, 9)->(3, 3)",A*,3,0.040200,15,13,25
Random 1,"(10, 9)->(3, 3)",A*,4,0.039100,15,13,25
Random 1,"(10, 9)->(3, 3)",A*,5,0.038300,15,13,25
Random 1,"(10, 9)->(3, 3)",A*,6,0.039100,15,13,25
Random 1,"(10, 9)->(3, 3)",A*,7,0.040000,15,13,25
Random 1,"(10, 9)->(3, 3)",A*,8,0.039000,15,13,25
Random 1,"(10, 9)->(3, 3)",A*,9,0.038400,15,13,25
Random 1,"(10, 9)->(3, 3)",A*,10,0.039300,15,13,25
Random 1,"(10, 9)->(3, 3)",A*,11,0.039400,15,13,25
Random 1,"(10, 9)->(3, 3)",A*,12,0.039000,15,13,25
Random 1,"(10, 9)->(3, 3)",A*,13,0.038000,15,13,25
Random 1,"(10, 9)->(3, 3)",A*,14,0.037300,15,13,25
Random 1,"(10, 9)->(3, 3)",A*,15,0.037300,15,13,25
Random 1,"(10, 9)->(3, 3)",A*,16,0.036900,15,13,25
Random 1,"(10, 9)->(3, 3)",A*,17,0.037100,15,13,25
Random 1,"(10, 9)->(3, 3)",A*,18,0.037500,15,13,25
Random 1,"(10, 9)->(3, 3)",A*,19,0.037500,15,13,25
Random 1,"(10, 9)->(3, 3)",A*,20,0.038100,15,13,25
Random 1,"(10, 9)->(3, 3)",A*,21,0.038200,15,13,25
Random 1,"(10, 9)->(3, 3)",A*,22,0.037900,15,13,25
Random 1,"(10, 9)->(3, 3)",A*,23,0.037600,15,13,25
Random 1,"(10, 9)->(3, 3)",A*,24,0.037100,15,13,25
Random 1,"(10, 9)->(3, 3)",A*,25,0.038000,15,13,25
Random 1,"(10, 9)->(3, 3)",A*,26,0.037700,15,13,25
Random 1,"(10, 9)->(3, 3)",A*,27,0.037500,15,13,25
Random 1,"(10, 9)->(3, 3)",A*,28,0.037400,15,13,25
Random 1,"(10, 9)->(3, 3)",A*,29,0.069600,15,13,25
Random 1,"(10, 9)->(3, 3)",A*,30,0.067200,15,13,25
Random 1,"(10, 9)->(3, 3)",Bellman-Ford,1,0.386900,59,13,25
Random 1,"(10, 9)->(3, 3)",Bellman-Ford,2,0.314500,59,13,25
Random 1,"(10, 9)->(3, 3)",Bellman-Ford,3,0.310900,59,13,25
Random 1,"(10, 9)->(3, 3)",Bellman-Ford,4,0.380000,59,13,25
Random 1,"(10, 9)->(3, 3)",Bellman-Ford,5,0.345900,59,13,25
Random 1,"(10, 9)->(3, 3)",Bellman-Ford,6,0.316700,59,13,25
Random 1,"(10, 9)->(3, 3)",Bellman-Ford,7,0.308900,59,13,25
Random 1,"(10, 9)->(3, 3)",Bellman-Ford,8,0.299500,59,13,25
Random 1,"(10, 9)->(3, 3)",Bellman-Ford,9,0.301200,59,13,25
Random 1,"(10, 9)->(3, 3)",Bellman-Ford,10,0.353700,59,13,25
Random 1,"(10, 9)->(3, 3)",Bellman-Ford,11,0.313000,59,13,25
Random 1,"(10, 9)->(3, 3)",Bellman-Ford,12,0.312800,59,13,25
Random 1,"(10, 9)->(3, 3)",Bellman-Ford,13,0.345100,59,13,25
Random 1,"(10, 9)->(3, 3)",Bellman-Ford,14,0.298700,59,13,25
Random 1,"(10, 9)->(3, 3)",Bellman-Ford,15,0.303700,59,13,25
Random 1,"(10, 9)->(3, 3)",Bellman-Ford,16,0.296900,59,13,25
Random 1,"(10, 9)->(3, 3)",Bellman-Ford,17,0.321700,59,13,25
Random 1,"(10, 9)->(3, 3)",Bellman-Ford,18,0.308000,59,13,25
Random 1,"(10, 9)->(3, 3)",Bellman-Ford,19,0.302600,59,13,25
Random 1,"(10, 9)->(3, 3)",Bellman-Ford,20,0.303800,59,13,25
Random 1,"(10, 9)->(3, 3)",Bellman-Ford,21,0.300100,59,13,25
Random 1,"(10, 9)->(3, 3)",Bellman-Ford,22,0.298600,59,13,25
Random 1,"(10, 9)->(3, 3)",Bellman-Ford,23,0.304300,59,13,25
Random 1,"(10, 9)->(3, 3)",Bellman-Ford,24,0.302900,59,13,25
Random 1,"(10, 9)->(3, 3)",Bellman-Ford,25,0.301800,59,13,25
Random 1,"(10, 9)->(3, 3)",Bellman-Ford,26,0.301000,59,13,25
Random 1,"(10, 9)->(3, 3)",Bellman-Ford,27,0.299500,59,13,25
Random 1,"(10, 9)->(3, 3)",Bellman-Ford,28,0.311800,59,13,25
Random 1,"(10, 9)->(3, 3)",Bellman-Ford,29,0.300200,59,13,25
Random 1,"(10, 9)->(3, 3)",Bellman-Ford,30,0.298400,59,13,25
Random 2,"(13, 5)->(0, 2)",Dijkstra,1,0.106300,47,14,29
Random 2,"(13, 5)->(0, 2)",Dijkstra,2,0.107700,47,14,29
Random 2,"(13, 5)->(0, 2)",Dijkstra,3,0.103100,47,14,29
Random 2,"(13, 5)->(0, 2)",Dijkstra,4,0.099800,47,14,29
Random 2,"(13, 5)->(0, 2)",Dijkstra,5,0.100700,47,14,29
Random 2,"(13, 5)->(0, 2)",Dijkstra,6,0.098300,47,14,29
Random 2,"(13, 5)->(0, 2)",Dijkstra,7,0.097200,47,14,29
Random 2,"(13, 5)->(0, 2)",Dijkstra,8,0.100600,47,14,29
Random 2,"(13, 5)->(0, 2)",Dijkstra,9,0.101100,47,14,29
Random 2,"(13, 5)->(0, 2)",Dijkstra,10,0.097900,47,14,29
Random 2,"(13, 5)->(0, 2)",Dijkstra,11,0.096400,47,14,29
Random 2,"(13, 5)->(0, 2)",Dijkstra,12,0.129600,47,14,29
Random 2,"(13, 5)->(0, 2)",Dijkstra,13,0.159500,47,14,29
Random 2,"(13, 5)->(0, 2)",Dijkstra,14,0.186600,47,14,29
Random 2,"(13, 5)->(0, 2)",Dijkstra,15,0.201000,47,14,29
Random 2,"(13, 5)->(0, 2)",Dijkstra,16,0.175100,47,14,29
Random 2,"(13, 5)->(0, 2)",Dijkstra,17,0.149000,47,14,29
Random 2,"(13, 5)->(0, 2)",Dijkstra,18,0.144300,47,14,29
Random 2,"(13, 5)->(0, 2)",Dijkstra,19,0.143800,47,14,29
Random 2,"(13, 5)->(0, 2)",Dijkstra,20,0.141000,47,14,29
Random 2,"(13, 5)->(0, 2)",Dijkstra,21,0.177700,47,14,29
Random 2,"(13, 5)->(0, 2)",Dijkstra,22,0.166700,47,14,29
Random 2,"(13, 5)->(0, 2)",Dijkstra,23,0.185200,47,14,29
Random 2,"(13, 5)->(0, 2)",Dijkstra,24,0.171800,47,14,29
Random 2,"(13, 5)->(0, 2)",Dijkstra,25,0.183800,47,14,29
Random 2,"(13, 5)->(0, 2)",Dijkstra,26,0.176500,47,14,29
Random 2,"(13, 5)->(0, 2)",Dijkstra,27,0.308200,47,14,29
Random 2,"(13, 5)->(0, 2)",Dijkstra,28,0.197400,47,14,29
Random 2,"(13, 5)->(0, 2)",Dijkstra,29,0.172100,47,14,29
Random 2,"(13, 5)->(0, 2)",Dijkstra,30,0.165300,47,14,29
Random 2,"(13, 5)->(0, 2)",A*,1,0.054500,14,14,29
Random 2,"(13, 5)->(0, 2)",A*,2,0.049100,14,14,29
Random 2,"(13, 5)->(0, 2)",A*,3,0.048100,14,14,29
Random 2,"(13, 5)->(0, 2)",A*,4,0.051600,14,14,29
Random 2,"(13, 5)->(0, 2)",A*,5,0.047300,14,14,29
Random 2,"(13, 5)->(0, 2)",A*,6,0.044800,14,14,29
Random 2,"(13, 5)->(0, 2)",A*,7,0.044100,14,14,29
Random 2,"(13, 5)->(0, 2)",A*,8,0.043900,14,14,29
Random 2,"(13, 5)->(0, 2)",A*,9,0.043400,14,14,29
Random 2,"(13, 5)->(0, 2)",A*,10,0.043400,14,14,29
Random 2,"(13, 5)->(0, 2)",A*,11,0.043300,14,14,29
Random 2,"(13, 5)->(0, 2)",A*,12,0.050300,14,14,29
Random 2,"(13, 5)->(0, 2)",A*,13,0.044000,14,14,29
Random 2,"(13, 5)->(0, 2)",A*,14,0.043400,14,14,29
Random 2,"(13, 5)->(0, 2)",A*,15,0.043100,14,14,29
Random 2,"(13, 5)->(0, 2)",A*,16,0.045000,14,14,29
Random 2,"(13, 5)->(0, 2)",A*,17,0.045100,14,14,29
Random 2,"(13, 5)->(0, 2)",A*,18,0.043600,14,14,29
Random 2,"(13, 5)->(0, 2)",A*,19,0.043400,14,14,29
Random 2,"(13, 5)->(0, 2)",A*,20,0.042800,14,14,29
Random 2,"(13, 5)->(0, 2)",A*,21,0.043100,14,14,29
Random 2,"(13, 5)->(0, 2)",A*,22,0.042800,14,14,29
Random 2,"(13, 5)->(0, 2)",A*,23,0.042600,14,14,29
Random 2,"(13, 5)->(0, 2)",A*,24,0.042600,14,14,29
Random 2,"(13, 5)->(0, 2)",A*,25,0.043100,14,14,29
Random 2,"(13, 5)->(0, 2)",A*,26,0.041900,14,14,29
Random 2,"(13, 5)->(0, 2)",A*,27,0.043300,14,14,29
Random 2,"(13, 5)->(0, 2)",A*,28,0.042700,14,14,29
Random 2,"(13, 5)->(0, 2)",A*,29,0.042500,14,14,29
Random 2,"(13, 5)->(0, 2)",A*,30,0.042300,14,14,29
Random 2,"(13, 5)->(0, 2)",Bellman-Ford,1,0.291500,59,14,29
Random 2,"(13, 5)->(0, 2)",Bellman-Ford,2,0.285600,59,14,29
Random 2,"(13, 5)->(0, 2)",Bellman-Ford,3,0.284900,59,14,29
Random 2,"(13, 5)->(0, 2)",Bellman-Ford,4,0.281300,59,14,29
Random 2,"(13, 5)->(0, 2)",Bellman-Ford,5,0.310500,59,14,29
Random 2,"(13, 5)->(0, 2)",Bellman-Ford,6,0.299100,59,14,29
Random 2,"(13, 5)->(0, 2)",Bellman-Ford,7,0.285200,59,14,29
Random 2,"(13, 5)->(0, 2)",Bellman-Ford,8,0.352200,59,14,29
Random 2,"(13, 5)->(0, 2)",Bellman-Ford,9,0.287900,59,14,29
Random 2,"(13, 5)->(0, 2)",Bellman-Ford,10,0.278500,59,14,29
Random 2,"(13, 5)->(0, 2)",Bellman-Ford,11,0.279000,59,14,29
Random 2,"(13, 5)->(0, 2)",Bellman-Ford,12,0.282600,59,14,29
Random 2,"(13, 5)->(0, 2)",Bellman-Ford,13,0.302200,59,14,29
Random 2,"(13, 5)->(0, 2)",Bellman-Ford,14,0.303200,59,14,29
Random 2,"(13, 5)->(0, 2)",Bellman-Ford,15,0.282700,59,14,29
Random 2,"(13, 5)->(0, 2)",Bellman-Ford,16,0.279200,59,14,29
Random 2,"(13, 5)->(0, 2)",Bellman-Ford,17,0.276300,59,14,29
Random 2,"(13, 5)->(0, 2)",Bellman-Ford,18,0.285200,59,14,29
Random 2,"(13, 5)->(0, 2)",Bellman-Ford,19,0.280000,59,14,29
Random 2,"(13, 5)->(0, 2)",Bellman-Ford,20,0.276400,59,14,29
Random 2,"(13, 5)->(0, 2)",Bellman-Ford,21,0.277500,59,14,29
Random 2,"(13, 5)->(0, 2)",Bellman-Ford,22,0.281500,59,14,29
Random 2,"(13, 5)->(0, 2)",Bellman-Ford,23,0.275400,59,14,29
Random 2,"(13, 5)->(0, 2)",Bellman-Ford,24,0.274900,59,14,29
Random 2,"(13, 5)->(0, 2)",Bellman-Ford,25,0.320100,59,14,29
Random 2,"(13, 5)->(0, 2)",Bellman-Ford,26,0.559200,59,14,29
Random 2,"(13, 5)->(0, 2)",Bellman-Ford,27,0.490200,59,14,29
Random 2,"(13, 5)->(0, 2)",Bellman-Ford,28,0.517200,59,14,29
Random 2,"(13, 5)->(0, 2)",Bellman-Ford,29,0.500800,59,14,29
Random 2,"(13, 5)->(0, 2)",Bellman-Ford,30,0.489000,59,14,29
